Transaction_ID,Cardholder_Name,Card_Number,Timestamp,Amount_INR,Location,Merchant_Name,Merchant_Category,FraudProbability,AlertLevel,Fraud_Reason,FinalVerdict
TXN_00171,Priya Mehta,XXXX-XXXX-XXXX-6539,2025-10-14 11:02:00,8212.24,Hong Kong,Myntra,Online Shopping,0.9855,CRITICAL,Foreign Location,FRAUD
TXN_00362,Deepak Malhotra,XXXX-XXXX-XXXX-3608,2025-10-13 15:15:00,36506.96,"Kolkata, India",Zara Premium,Luxury Goods,0.9851,CRITICAL,Suspicious Category,FRAUD
TXN_00321,Vikas Gupta,XXXX-XXXX-XXXX-7939,2025-10-20 03:29:00,6072.0,"Dubai, UAE",Zomato,Restaurant,0.9804,CRITICAL,"Foreign Location, Unusual Timing",FRAUD
TXN_00031,Rahul Sharma,XXXX-XXXX-XXXX-6514,2025-10-16 19:06:00,5621.05,"Dubai, UAE",Dominos,Restaurant,0.9798,CRITICAL,Foreign Location,FRAUD
TXN_00130,Amit Verma,XXXX-XXXX-XXXX-4258,2025-10-19 15:54:00,125486.46,"London, UK",HPCL Pump,Fuel,0.9797,CRITICAL,"High Amount, Foreign Location",FRAUD
TXN_00094,Priya Mehta,XXXX-XXXX-XXXX-7543,2025-10-10 12:27:00,251153.96,"Kolkata, India",Reliance Fresh,Grocery,0.9783,CRITICAL,High Amount,FRAUD
TXN_00327,Ravi Kumar,XXXX-XXXX-XXXX-5291,2025-10-27 03:08:00,5389.63,"Hyderabad, India",HPCL Pump,Fuel,0.9772,CRITICAL,Unusual Timing,FRAUD
TXN_00002,Vikas Gupta,XXXX-XXXX-XXXX-1409,2025-10-30 03:14:00,5233.27,Singapore,ICICI ATM,ATM Withdrawal,0.9732,CRITICAL,"Foreign Location, Unusual Timing",FRAUD
TXN_00092,Kiran Rao,XXXX-XXXX-XXXX-5304,2025-10-29 06:41:00,10181.67,"Bangalore, India",Amazon India,Online Shopping,0.9726,CRITICAL,ML Model Flag,FRAUD
TXN_00306,Priya Mehta,XXXX-XXXX-XXXX-5333,2025-10-09 01:53:00,122862.04,"Delhi, India",Flipkart,Online Shopping,0.9706,CRITICAL,"High Amount, Unusual Timing",FRAUD
TXN_00134,Suresh Reddy,XXXX-XXXX-XXXX-9837,2025-10-25 02:01:00,7587.56,"Delhi, India",Swiggy,Restaurant,0.9694,CRITICAL,Unusual Timing,FRAUD
TXN_00415,Kiran Rao,XXXX-XXXX-XXXX-9308,2025-10-17 00:27:00,3345.67,"Mumbai, India",HDFC ATM,ATM Withdrawal,0.9685,CRITICAL,Unusual Timing,FRAUD
TXN_00247,Priya Mehta,XXXX-XXXX-XXXX-1958,2025-10-03 02:28:00,6013.76,Singapore,Swiggy,Restaurant,0.9661,CRITICAL,"Foreign Location, Unusual Timing",FRAUD
TXN_00422,Kiran Rao,XXXX-XXXX-XXXX-4143,2025-10-23 11:17:00,19348.3,"London, UK",Dominos,Restaurant,0.9644,CRITICAL,Foreign Location,FRAUD
TXN_00146,Priya Mehta,XXXX-XXXX-XXXX-2290,2025-10-28 08:01:00,8506.11,Hong Kong,Dominos,Restaurant,0.9634,CRITICAL,Foreign Location,FRAUD
TXN_00112,Sneha Patel,XXXX-XXXX-XXXX-1188,2025-10-25 07:35:00,47187.22,"New York, USA",Reliance Fresh,Grocery,0.9592,CRITICAL,Foreign Location,FRAUD
TXN_00351,Suresh Reddy,XXXX-XXXX-XXXX-3532,2025-10-07 13:08:00,534.96,"London, UK",Dominos,Restaurant,0.9588,CRITICAL,Foreign Location,FRAUD
TXN_00236,Anjali Singh,XXXX-XXXX-XXXX-1035,2025-10-03 17:22:00,9305.75,Singapore,Zomato,Restaurant,0.9586,CRITICAL,Foreign Location,FRAUD
TXN_00447,Pooja Nair,XXXX-XXXX-XXXX-4848,2025-10-06 17:04:00,28441.12,"Dubai, UAE",Reliance Fresh,Grocery,0.9561,CRITICAL,Foreign Location,FRAUD
TXN_00473,Deepak Malhotra,XXXX-XXXX-XXXX-5082,2025-10-08 16:57:00,12534.44,"London, UK",BPCL Petrol Bunk,Fuel,0.9555,CRITICAL,Foreign Location,FRAUD
TXN_00446,Rahul Sharma,XXXX-XXXX-XXXX-2530,2025-10-20 00:02:00,18516.28,"Dubai, UAE",DMart,Grocery,0.9551,CRITICAL,"Foreign Location, Unusual Timing",FRAUD
TXN_00456,Suresh Reddy,XXXX-XXXX-XXXX-2193,2025-10-04 14:36:00,173721.93,"Mumbai, India",Swiggy,Restaurant,0.955,CRITICAL,High Amount,FRAUD
TXN_00269,Pooja Nair,XXXX-XXXX-XXXX-7868,2025-10-25 03:43:00,14828.32,"Chennai, India",ICICI ATM,ATM Withdrawal,0.9547,CRITICAL,Unusual Timing,FRAUD
TXN_00141,Neha Joshi,XXXX-XXXX-XXXX-6947,2025-10-15 19:22:00,7115.34,"London, UK",Amazon,Electronics,0.9542,CRITICAL,Foreign Location,FRAUD
TXN_00262,Deepak Malhotra,XXXX-XXXX-XXXX-2113,2025-10-13 09:24:00,13938.62,"Delhi, India",ICICI ATM,ATM Withdrawal,0.9535,CRITICAL,ML Model Flag,FRAUD
TXN_00210,Deepak Malhotra,XXXX-XXXX-XXXX-4116,2025-10-23 02:40:00,3714.64,"Dubai, UAE",Myntra,Online Shopping,0.9517,CRITICAL,"Foreign Location, Unusual Timing",FRAUD
TXN_00457,Suresh Reddy,XXXX-XXXX-XXXX-8461,2025-10-07 04:33:00,7543.78,"Mumbai, India",Reliance Fresh,Grocery,0.9516,CRITICAL,Unusual Timing,FRAUD
TXN_00424,Priya Mehta,XXXX-XXXX-XXXX-7211,2025-10-19 10:05:00,39100.72,Hong Kong,HPCL Pump,Fuel,0.9483,CRITICAL,Foreign Location,FRAUD
TXN_00253,Rahul Sharma,XXXX-XXXX-XXXX-8811,2025-10-05 17:51:00,936.11,"London, UK",Vijay Sales,Electronics,0.9463,CRITICAL,Foreign Location,FRAUD
TXN_00023,Deepak Malhotra,XXXX-XXXX-XXXX-5557,2025-10-19 00:41:00,14354.09,"Bangalore, India",Dominos,Restaurant,0.9445,CRITICAL,Unusual Timing,FRAUD
TXN_00189,Rahul Sharma,XXXX-XXXX-XXXX-3167,2025-10-02 03:29:00,1008.27,Hong Kong,Reliance Fresh,Grocery,0.9435,CRITICAL,"Foreign Location, Unusual Timing",FRAUD
TXN_00282,Sneha Patel,XXXX-XXXX-XXXX-2188,2025-10-25 04:24:00,4693.19,Singapore,BPCL Petrol Bunk,Fuel,0.9426,CRITICAL,"Foreign Location, Unusual Timing",FRAUD
TXN_00383,Kiran Rao,XXXX-XXXX-XXXX-7548,2025-10-02 04:24:00,11649.18,"London, UK",Myntra,Online Shopping,0.934,CRITICAL,"Foreign Location, Unusual Timing",FRAUD
TXN_00036,Anjali Singh,XXXX-XXXX-XXXX-6881,2025-10-13 02:12:00,3799.23,"Chennai, India",Flipkart,Online Shopping,0.933,CRITICAL,Unusual Timing,FRAUD
TXN_00163,Neha Joshi,XXXX-XXXX-XXXX-7118,2025-10-20 04:26:00,45436.71,Hong Kong,DMart,Grocery,0.9318,CRITICAL,"Foreign Location, Unusual Timing",FRAUD
TXN_00279,Kiran Rao,XXXX-XXXX-XXXX-5915,2025-10-29 14:25:00,20397.73,"Dubai, UAE",Vijay Sales,Electronics,0.9281,CRITICAL,Foreign Location,FRAUD
TXN_00435,Amit Verma,XXXX-XXXX-XXXX-8618,2025-10-03 03:46:00,12274.92,"London, UK",MedPlus,Medical,0.9279,CRITICAL,"Foreign Location, Unusual Timing",FRAUD
TXN_00177,Sneha Patel,XXXX-XXXX-XXXX-1964,2025-10-12 05:18:00,22212.86,"Dubai, UAE",Amazon,Electronics,0.9273,CRITICAL,Foreign Location,FRAUD
TXN_00096,Neha Joshi,XXXX-XXXX-XXXX-4593,2025-10-11 01:26:00,30483.16,"Chennai, India",Myntra,Online Shopping,0.9249,CRITICAL,Unusual Timing,FRAUD
TXN_00250,Deepak Malhotra,XXXX-XXXX-XXXX-6138,2025-10-27 03:30:00,10292.22,"Delhi, India",Amazon India,Online Shopping,0.9248,CRITICAL,Unusual Timing,FRAUD
TXN_00268,Anjali Singh,XXXX-XXXX-XXXX-2343,2025-10-15 09:06:00,11358.58,"London, UK",ICICI ATM,ATM Withdrawal,0.9245,CRITICAL,Foreign Location,FRAUD
TXN_00257,Sneha Patel,XXXX-XXXX-XXXX-1931,2025-10-03 00:15:00,7969.57,"London, UK",Zomato,Restaurant,0.9232,CRITICAL,"Foreign Location, Unusual Timing",FRAUD
TXN_00168,Deepak Malhotra,XXXX-XXXX-XXXX-5061,2025-10-30 06:43:00,10945.09,"Dubai, UAE",Big Bazaar,Grocery,0.9227,CRITICAL,Foreign Location,FRAUD
TXN_00072,Suresh Reddy,XXXX-XXXX-XXXX-4598,2025-10-29 10:33:00,9334.06,Singapore,Reliance Fresh,Grocery,0.917,CRITICAL,Foreign Location,FRAUD
TXN_00459,Kiran Rao,XXXX-XXXX-XXXX-4185,2025-10-14 17:41:00,283481.1,"Hyderabad, India",Amazon,Electronics,0.9152,CRITICAL,High Amount,FRAUD
TXN_00133,Kiran Rao,XXXX-XXXX-XXXX-3646,2025-10-30 03:41:00,4671.41,"Delhi, India",Big Bazaar,Grocery,0.9135,CRITICAL,Unusual Timing,FRAUD
TXN_00173,Amit Verma,XXXX-XXXX-XXXX-4770,2025-10-26 21:03:00,5257.78,"Dubai, UAE",Swiggy,Restaurant,0.9126,CRITICAL,Foreign Location,FRAUD
TXN_00183,Anjali Singh,XXXX-XXXX-XXXX-9423,2025-10-11 03:32:00,7608.05,"Mumbai, India",HDFC ATM,ATM Withdrawal,0.9122,CRITICAL,Unusual Timing,FRAUD
TXN_00222,Rahul Sharma,XXXX-XXXX-XXXX-1828,2025-10-28 03:31:00,5014.99,Singapore,MakeMyTrip,Travel,0.9121,CRITICAL,"Foreign Location, Unusual Timing",FRAUD
TXN_00365,Vikas Gupta,XXXX-XXXX-XXXX-1634,2025-10-19 05:40:00,10432.2,Hong Kong,Big Bazaar,Grocery,0.909,CRITICAL,Foreign Location,FRAUD
TXN_00214,Suresh Reddy,XXXX-XXXX-XXXX-7912,2025-10-28 20:52:00,3997.27,Singapore,DMart,Grocery,0.9087,CRITICAL,Foreign Location,FRAUD
TXN_00240,Neha Joshi,XXXX-XXXX-XXXX-5673,2025-10-03 18:23:00,7988.32,Singapore,MedPlus,Medical,0.9069,CRITICAL,Foreign Location,FRAUD
TXN_00006,Suresh Reddy,XXXX-XXXX-XXXX-3286,2025-10-27 08:14:00,1950.0,"Dubai, UAE",Vijay Sales,Electronics,0.8989,CRITICAL,Foreign Location,FRAUD
TXN_00204,Neha Joshi,XXXX-XXXX-XXXX-1993,2025-10-18 10:33:00,9083.54,"Dubai, UAE",Big Bazaar,Grocery,0.8981,CRITICAL,Foreign Location,FRAUD
TXN_00182,Kiran Rao,XXXX-XXXX-XXXX-2160,2025-10-24 01:45:00,12969.58,"New York, USA",MedPlus,Medical,0.8979,CRITICAL,"Foreign Location, Unusual Timing",FRAUD
TXN_00367,Kiran Rao,XXXX-XXXX-XXXX-4644,2025-10-04 00:07:00,5817.28,"Mumbai, India",Dominos,Restaurant,0.8976,CRITICAL,Unusual Timing,FRAUD
TXN_00454,Pooja Nair,XXXX-XXXX-XXXX-5011,2025-10-17 03:23:00,7691.89,"Chennai, India",Vijay Sales,Electronics,0.8968,CRITICAL,Unusual Timing,FRAUD
TXN_00213,Pooja Nair,XXXX-XXXX-XXXX-3296,2025-10-16 05:22:00,8051.39,"Bangalore, India",IndiGo,Travel,0.8925,CRITICAL,ML Model Flag,FRAUD
TXN_00027,Pooja Nair,XXXX-XXXX-XXXX-6574,2025-10-02 17:44:00,7315.34,"London, UK",Amazon,Electronics,0.8907,CRITICAL,Foreign Location,FRAUD
TXN_00180,Suresh Reddy,XXXX-XXXX-XXXX-1514,2025-10-19 16:11:00,11134.06,"Dubai, UAE",DMart,Grocery,0.8903,CRITICAL,Foreign Location,FRAUD
TXN_00312,Vikas Gupta,XXXX-XXXX-XXXX-4450,2025-10-30 04:46:00,10257.52,"Chennai, India",Vijay Sales,Electronics,0.889,CRITICAL,Unusual Timing,FRAUD
TXN_00489,Deepak Malhotra,XXXX-XXXX-XXXX-5050,2025-10-16 17:35:00,3901.23,Singapore,Apollo Pharmacy,Medical,0.8852,CRITICAL,Foreign Location,FRAUD
TXN_00413,Pooja Nair,XXXX-XXXX-XXXX-3041,2025-10-29 07:21:00,9995.74,"New York, USA",ICICI ATM,ATM Withdrawal,0.8849,CRITICAL,Foreign Location,FRAUD
TXN_00100,Vikas Gupta,XXXX-XXXX-XXXX-2489,2025-10-05 09:20:00,8843.77,"Dubai, UAE",Big Bazaar,Grocery,0.8826,CRITICAL,Foreign Location,FRAUD
TXN_00399,Anjali Singh,XXXX-XXXX-XXXX-7311,2025-10-28 06:11:00,219824.83,"Bangalore, India",DMart,Grocery,0.8804,CRITICAL,High Amount,FRAUD
TXN_00364,Rahul Sharma,XXXX-XXXX-XXXX-7267,2025-10-03 08:15:00,4650.16,Hong Kong,HPCL Pump,Fuel,0.8785,HIGH,Foreign Location,FRAUD
TXN_00481,Suresh Reddy,XXXX-XXXX-XXXX-9270,2025-10-08 01:45:00,42404.55,"Mumbai, India",IRCTC,Travel,0.8756,HIGH,Unusual Timing,FRAUD
TXN_00115,Anjali Singh,XXXX-XXXX-XXXX-5371,2025-10-16 10:55:00,34878.67,"New York, USA",DMart,Grocery,0.8753,HIGH,Foreign Location,FRAUD
TXN_00432,Amit Verma,XXXX-XXXX-XXXX-4443,2025-10-19 12:10:00,31688.23,"Dubai, UAE",MakeMyTrip,Travel,0.8744,HIGH,Foreign Location,FRAUD
TXN_00494,Rahul Sharma,XXXX-XXXX-XXXX-5499,2025-10-05 00:04:00,2336.26,"Delhi, India",Croma,Electronics,0.8717,HIGH,Unusual Timing,FRAUD
TXN_00405,Ravi Kumar,XXXX-XXXX-XXXX-9518,2025-10-03 02:20:00,8703.64,"Mumbai, India",Croma,Electronics,0.8694,HIGH,Unusual Timing,FRAUD
TXN_00461,Kiran Rao,XXXX-XXXX-XXXX-9099,2025-10-06 04:01:00,5544.65,"London, UK",Apollo Pharmacy,Medical,0.8683,HIGH,"Foreign Location, Unusual Timing",FRAUD
TXN_00208,Anjali Singh,XXXX-XXXX-XXXX-5073,2025-10-15 13:49:00,14063.68,"New York, USA",HPCL Pump,Fuel,0.8668,HIGH,Foreign Location,FRAUD
TXN_00232,Neha Joshi,XXXX-XXXX-XXXX-7570,2025-10-04 05:30:00,217053.89,"Bangalore, India",Big Bazaar,Grocery,0.8664,HIGH,High Amount,FRAUD
TXN_00373,Ravi Kumar,XXXX-XXXX-XXXX-4652,2025-10-19 15:00:00,242.79,"Dubai, UAE",Apollo Pharmacy,Medical,0.8654,HIGH,Foreign Location,FRAUD
TXN_00251,Vikas Gupta,XXXX-XXXX-XXXX-1936,2025-10-22 17:09:00,45037.67,Hong Kong,Louis Vuitton,Luxury Goods,0.8654,HIGH,"Foreign Location, Suspicious Category",FRAUD
TXN_00450,Sneha Patel,XXXX-XXXX-XXXX-4262,2025-10-16 18:24:00,9040.12,"New York, USA",HPCL Pump,Fuel,0.8653,HIGH,Foreign Location,FRAUD
TXN_00371,Anjali Singh,XXXX-XXXX-XXXX-6000,2025-10-25 20:15:00,4787.24,Hong Kong,SBI ATM,ATM Withdrawal,0.865,HIGH,Foreign Location,FRAUD
TXN_00190,Deepak Malhotra,XXXX-XXXX-XXXX-8744,2025-10-04 15:55:00,46905.22,"London, UK",Croma,Electronics,0.8619,HIGH,Foreign Location,FRAUD
TXN_00058,Deepak Malhotra,XXXX-XXXX-XXXX-6977,2025-10-01 23:22:00,5062.31,"Dubai, UAE",Croma,Electronics,0.858,HIGH,Foreign Location,FRAUD
TXN_00345,Ravi Kumar,XXXX-XXXX-XXXX-6862,2025-10-11 09:24:00,10189.38,"Dubai, UAE",HDFC ATM,ATM Withdrawal,0.8573,HIGH,Foreign Location,FRAUD
TXN_00083,Suresh Reddy,XXXX-XXXX-XXXX-4483,2025-10-13 01:39:00,27400.04,"Bangalore, India",Amazon India,Online Shopping,0.8566,HIGH,Unusual Timing,FRAUD
TXN_00477,Sneha Patel,XXXX-XXXX-XXXX-8612,2025-10-16 03:45:00,6855.24,"Bangalore, India",Amazon,Electronics,0.8562,HIGH,Unusual Timing,FRAUD
TXN_00026,Vikas Gupta,XXXX-XXXX-XXXX-7924,2025-10-18 17:17:00,992.7,"Dubai, UAE",Unknown Merchant,Unknown,0.8544,HIGH,Foreign Location,FRAUD
TXN_00009,Vikas Gupta,XXXX-XXXX-XXXX-2424,2025-10-21 03:58:00,14119.47,"Mumbai, India",Unregistered,Unknown,0.8535,HIGH,Unusual Timing,FRAUD
TXN_00144,Anjali Singh,XXXX-XXXX-XXXX-1949,2025-10-29 09:25:00,17865.46,"Dubai, UAE",Unknown Merchant,Unknown,0.8533,HIGH,Foreign Location,FRAUD
TXN_00079,Deepak Malhotra,XXXX-XXXX-XXXX-5386,2025-10-20 06:04:00,19832.89,"Dubai, UAE",BPCL Petrol Bunk,Fuel,0.8514,HIGH,Foreign Location,FRAUD
TXN_00398,Kiran Rao,XXXX-XXXX-XXXX-2894,2025-10-31 00:30:00,24357.01,"Bangalore, India",DMart,Grocery,0.8509,HIGH,Unusual Timing,FRAUD
TXN_00220,Amit Verma,XXXX-XXXX-XXXX-8260,2025-10-29 07:04:00,3985.53,Singapore,IndiGo,Travel,0.8408,HIGH,Foreign Location,FRAUD
TXN_00436,Vikas Gupta,XXXX-XXXX-XXXX-8238,2025-10-16 09:39:00,19626.13,"Dubai, UAE",Swiggy,Restaurant,0.8388,HIGH,Foreign Location,FRAUD
TXN_00487,Kiran Rao,XXXX-XXXX-XXXX-8373,2025-10-07 06:15:00,5465.85,"Dubai, UAE",Dominos,Restaurant,0.8366,HIGH,Foreign Location,FRAUD
TXN_00123,Amit Verma,XXXX-XXXX-XXXX-5315,2025-10-29 08:30:00,34872.34,"Bangalore, India",Unregistered,Unknown,0.8359,HIGH,Suspicious Category,FRAUD
TXN_00166,Anjali Singh,XXXX-XXXX-XXXX-8397,2025-10-16 01:27:00,5281.77,"Pune, India",DMart,Grocery,0.8345,HIGH,Unusual Timing,FRAUD
TXN_00267,Neha Joshi,XXXX-XXXX-XXXX-1651,2025-10-15 14:04:00,46378.4,Singapore,Reliance Fresh,Grocery,0.8334,HIGH,Foreign Location,FRAUD
TXN_00375,Priya Mehta,XXXX-XXXX-XXXX-4164,2025-10-11 14:36:00,32323.94,"New York, USA",Vijay Sales,Electronics,0.8322,HIGH,Foreign Location,FRAUD
TXN_00438,Deepak Malhotra,XXXX-XXXX-XXXX-4501,2025-10-28 14:50:00,25967.3,"Delhi, India",IRCTC,Travel,0.8301,HIGH,ML Model Flag,FRAUD
TXN_00050,Neha Joshi,XXXX-XXXX-XXXX-4733,2025-10-07 15:50:00,8343.02,"Dubai, UAE",DMart,Grocery,0.8284,HIGH,Foreign Location,FRAUD
TXN_00225,Sneha Patel,XXXX-XXXX-XXXX-2528,2025-10-26 01:28:00,3934.17,Singapore,Reliance Fresh,Grocery,0.8277,HIGH,"Foreign Location, Unusual Timing",FRAUD
TXN_00122,Kiran Rao,XXXX-XXXX-XXXX-1053,2025-10-10 09:09:00,2874.37,"Dubai, UAE",ICICI ATM,ATM Withdrawal,0.8268,HIGH,Foreign Location,FRAUD
TXN_00310,Priya Mehta,XXXX-XXXX-XXXX-5462,2025-10-20 00:02:00,1796.93,"Delhi, India",IRCTC,Travel,0.8264,HIGH,Unusual Timing,FRAUD
TXN_00078,Neha Joshi,XXXX-XXXX-XXXX-7572,2025-10-22 06:45:00,268204.43,"Pune, India",MedPlus,Medical,0.8248,HIGH,High Amount,FRAUD
TXN_00401,Kiran Rao,XXXX-XXXX-XXXX-5173,2025-10-20 20:02:00,298121.56,"Chennai, India",Reliance Fresh,Grocery,0.8241,HIGH,High Amount,FRAUD
TXN_00291,Vikas Gupta,XXXX-XXXX-XXXX-3170,2025-10-16 18:01:00,294543.27,"Hyderabad, India",Big Bazaar,Grocery,0.8237,HIGH,High Amount,FRAUD
TXN_00235,Deepak Malhotra,XXXX-XXXX-XXXX-7209,2025-10-13 01:37:00,7635.42,"Kolkata, India",DMart,Grocery,0.8229,HIGH,Unusual Timing,FRAUD
TXN_00346,Vikas Gupta,XXXX-XXXX-XXXX-4441,2025-10-04 19:23:00,14760.12,"Dubai, UAE",Amazon India,Online Shopping,0.8209,HIGH,Foreign Location,FRAUD
TXN_00329,Vikas Gupta,XXXX-XXXX-XXXX-8239,2025-10-28 16:30:00,28986.62,"London, UK",MakeMyTrip,Travel,0.8191,HIGH,Foreign Location,FRAUD
TXN_00109,Anjali Singh,XXXX-XXXX-XXXX-8668,2025-10-17 05:51:00,35094.67,"Dubai, UAE",Vijay Sales,Electronics,0.8184,HIGH,Foreign Location,FRAUD
TXN_00223,Anjali Singh,XXXX-XXXX-XXXX-9856,2025-10-21 03:48:00,12517.1,"Pune, India",DMart,Grocery,0.8179,HIGH,Unusual Timing,FRAUD
TXN_00358,Neha Joshi,XXXX-XXXX-XXXX-6442,2025-10-12 06:13:00,37368.8,"Dubai, UAE",Zara Premium,Luxury Goods,0.8164,HIGH,"Foreign Location, Suspicious Category",FRAUD
TXN_00211,Sneha Patel,XXXX-XXXX-XXXX-9786,2025-10-06 04:33:00,3147.25,"London, UK",HDFC ATM,ATM Withdrawal,0.8106,HIGH,"Foreign Location, Unusual Timing",FRAUD
TXN_00071,Amit Verma,XXXX-XXXX-XXXX-5422,2025-10-03 04:46:00,20967.92,"Hyderabad, India",Vijay Sales,Electronics,0.8051,HIGH,Unusual Timing,FRAUD
TXN_00101,Ravi Kumar,XXXX-XXXX-XXXX-1771,2025-10-19 13:20:00,10080.53,Hong Kong,Big Bazaar,Grocery,0.7997,HIGH,Foreign Location,FRAUD
TXN_00052,Neha Joshi,XXXX-XXXX-XXXX-2307,2025-10-13 03:54:00,49618.17,"Hyderabad, India",Vijay Sales,Electronics,0.7969,HIGH,Unusual Timing,FRAUD
TXN_00226,Amit Verma,XXXX-XXXX-XXXX-4872,2025-10-30 09:59:00,210423.61,"Pune, India",Apollo Pharmacy,Medical,0.7954,HIGH,High Amount,FRAUD
TXN_00274,Anjali Singh,XXXX-XXXX-XXXX-6147,2025-10-07 17:21:00,4172.57,"London, UK",Zara Premium,Luxury Goods,0.7952,HIGH,Foreign Location,FRAUD
TXN_00293,Pooja Nair,XXXX-XXXX-XXXX-2127,2025-10-09 00:13:00,2168.72,"Mumbai, India",Amazon India,Online Shopping,0.7919,HIGH,Unusual Timing,FRAUD
TXN_00239,Kiran Rao,XXXX-XXXX-XXXX-8454,2025-10-20 14:02:00,8319.49,Hong Kong,Reliance Fresh,Grocery,0.7895,HIGH,Foreign Location,FRAUD
TXN_00160,Amit Verma,XXXX-XXXX-XXXX-4295,2025-10-12 22:28:00,29310.34,Hong Kong,Myntra,Online Shopping,0.7822,HIGH,Foreign Location,FRAUD
TXN_00414,Amit Verma,XXXX-XXXX-XXXX-5920,2025-10-12 23:07:00,1043.63,"New York, USA",Dominos,Restaurant,0.7815,HIGH,Foreign Location,FRAUD
TXN_00001,Sneha Patel,XXXX-XXXX-XXXX-2824,2025-10-17 04:06:00,6804.62,Hong Kong,Swiggy,Restaurant,0.7773,HIGH,"Foreign Location, Unusual Timing",FRAUD
TXN_00369,Anjali Singh,XXXX-XXXX-XXXX-8541,2025-10-24 04:01:00,9714.38,Hong Kong,Amazon,Electronics,0.775,HIGH,"Foreign Location, Unusual Timing",FRAUD
TXN_00065,Amit Verma,XXXX-XXXX-XXXX-3803,2025-10-04 01:30:00,12254.66,"Kolkata, India",Apollo Pharmacy,Medical,0.7746,HIGH,Unusual Timing,FRAUD
TXN_00316,Anjali Singh,XXXX-XXXX-XXXX-9280,2025-10-24 02:15:00,12302.59,"Delhi, India",Amazon India,Online Shopping,0.7736,HIGH,Unusual Timing,FRAUD
TXN_00185,Vikas Gupta,XXXX-XXXX-XXXX-5562,2025-10-29 20:51:00,35927.12,Singapore,Reliance Fresh,Grocery,0.7719,HIGH,Foreign Location,FRAUD
TXN_00164,Amit Verma,XXXX-XXXX-XXXX-8177,2025-10-12 23:13:00,38895.56,Hong Kong,Zomato,Restaurant,0.7713,HIGH,Foreign Location,FRAUD
TXN_00453,Ravi Kumar,XXXX-XXXX-XXXX-1757,2025-10-30 07:28:00,4594.58,"Dubai, UAE",Myntra,Online Shopping,0.7687,HIGH,Foreign Location,FRAUD
TXN_00417,Anjali Singh,XXXX-XXXX-XXXX-7691,2025-10-20 02:57:00,12442.32,"Bangalore, India",Amazon India,Online Shopping,0.766,HIGH,Unusual Timing,FRAUD
TXN_00452,Pooja Nair,XXXX-XXXX-XXXX-1400,2025-10-27 03:09:00,12733.59,"Delhi, India",Reliance Fresh,Grocery,0.7653,HIGH,Unusual Timing,FRAUD
TXN_00296,Amit Verma,XXXX-XXXX-XXXX-5669,2025-10-10 23:08:00,7315.05,"London, UK",Flipkart,Online Shopping,0.7648,HIGH,Foreign Location,FRAUD
TXN_00197,Priya Mehta,XXXX-XXXX-XXXX-8062,2025-10-15 04:10:00,10642.89,"Hyderabad, India",Reliance Fresh,Grocery,0.7625,HIGH,Unusual Timing,FRAUD
TXN_00203,Pooja Nair,XXXX-XXXX-XXXX-2612,2025-10-19 22:37:00,4100.08,"New York, USA",IndiGo,Travel,0.7606,HIGH,Foreign Location,FRAUD
TXN_00159,Priya Mehta,XXXX-XXXX-XXXX-9835,2025-10-30 02:05:00,67254.79,"Mumbai, India",Amazon,Electronics,0.7606,HIGH,"High Amount, Unusual Timing",FRAUD
TXN_00309,Amit Verma,XXXX-XXXX-XXXX-3546,2025-10-08 09:46:00,12265.77,"Dubai, UAE",Big Bazaar,Grocery,0.7599,HIGH,Foreign Location,FRAUD
TXN_00387,Neha Joshi,XXXX-XXXX-XXXX-2889,2025-10-02 00:22:00,12468.05,"Bangalore, India",HPCL Pump,Fuel,0.7591,HIGH,Unusual Timing,FRAUD
TXN_00271,Amit Verma,XXXX-XXXX-XXXX-6183,2025-10-12 02:46:00,6612.61,"Hyderabad, India",DMart,Grocery,0.7581,HIGH,Unusual Timing,FRAUD
TXN_00233,Pooja Nair,XXXX-XXXX-XXXX-1960,2025-10-20 04:40:00,44489.07,"Pune, India",HPCL Pump,Fuel,0.7569,HIGH,Unusual Timing,FRAUD
TXN_00116,Anjali Singh,XXXX-XXXX-XXXX-6573,2025-10-29 17:48:00,14746.61,"Dubai, UAE",IndiGo,Travel,0.756,HIGH,Foreign Location,FRAUD
TXN_00199,Sneha Patel,XXXX-XXXX-XXXX-7939,2025-10-30 18:58:00,19693.25,"New York, USA",IndiGo,Travel,0.7557,HIGH,Foreign Location,FRAUD
TXN_00097,Ravi Kumar,XXXX-XXXX-XXXX-3266,2025-10-15 19:52:00,7238.28,"Dubai, UAE",BPCL Petrol Bunk,Fuel,0.7536,HIGH,Foreign Location,FRAUD
TXN_00046,Rahul Sharma,XXXX-XXXX-XXXX-6925,2025-10-04 06:53:00,12722.87,Hong Kong,Big Bazaar,Grocery,0.7534,HIGH,Foreign Location,FRAUD
TXN_00330,Kiran Rao,XXXX-XXXX-XXXX-8007,2025-10-17 04:35:00,157613.89,"Bangalore, India",Zomato,Restaurant,0.7523,HIGH,"High Amount, Unusual Timing",FRAUD
TXN_00064,Deepak Malhotra,XXXX-XXXX-XXXX-2169,2025-10-06 04:47:00,39805.89,"Delhi, India",Amazon India,Online Shopping,0.7493,MEDIUM,Unusual Timing,FRAUD
TXN_00054,Sneha Patel,XXXX-XXXX-XXXX-2654,2025-10-24 09:16:00,42821.4,Singapore,BPCL Petrol Bunk,Fuel,0.749,MEDIUM,Foreign Location,FRAUD
TXN_00245,Vikas Gupta,XXXX-XXXX-XXXX-5861,2025-10-17 17:29:00,2959.79,"Delhi, India",Croma,Electronics,0.7485,MEDIUM,ML Model Flag,FRAUD
TXN_00335,Deepak Malhotra,XXXX-XXXX-XXXX-9938,2025-10-08 04:17:00,32516.3,"Delhi, India",Myntra,Online Shopping,0.7468,MEDIUM,Unusual Timing,FRAUD
TXN_00165,Amit Verma,XXXX-XXXX-XXXX-9479,2025-10-23 04:07:00,8135.57,"Mumbai, India",Big Bazaar,Grocery,0.7455,MEDIUM,Unusual Timing,FRAUD
TXN_00350,Amit Verma,XXXX-XXXX-XXXX-7658,2025-10-29 01:21:00,9643.14,"Chennai, India",Amazon India,Online Shopping,0.7447,MEDIUM,Unusual Timing,FRAUD
TXN_00162,Vikas Gupta,XXXX-XXXX-XXXX-7537,2025-10-22 01:38:00,6363.39,"Kolkata, India",HDFC ATM,ATM Withdrawal,0.7423,MEDIUM,Unusual Timing,FRAUD
TXN_00114,Vikas Gupta,XXXX-XXXX-XXXX-9797,2025-10-06 13:26:00,281509.92,"Mumbai, India",Amazon India,Online Shopping,0.738,MEDIUM,High Amount,FRAUD
TXN_00426,Ravi Kumar,XXXX-XXXX-XXXX-5930,2025-10-09 00:34:00,13997.61,"Dubai, UAE",Louis Vuitton,Luxury Goods,0.7377,MEDIUM,"Foreign Location, Unusual Timing",FRAUD
TXN_00328,Deepak Malhotra,XXXX-XXXX-XXXX-3647,2025-10-12 00:03:00,760.02,"Delhi, India",HPCL Pump,Fuel,0.7356,MEDIUM,Unusual Timing,FRAUD
TXN_00237,Vikas Gupta,XXXX-XXXX-XXXX-7396,2025-10-22 23:04:00,9286.14,Singapore,SBI ATM,ATM Withdrawal,0.7348,MEDIUM,Foreign Location,FRAUD
TXN_00363,Anjali Singh,XXXX-XXXX-XXXX-2771,2025-10-14 04:07:00,2095.82,"Delhi, India",Louis Vuitton,Luxury Goods,0.7323,MEDIUM,Unusual Timing,FRAUD
TXN_00442,Sneha Patel,XXXX-XXXX-XXXX-2389,2025-10-23 05:51:00,9785.3,"London, UK",Zara Premium,Luxury Goods,0.7322,MEDIUM,Foreign Location,FRAUD
TXN_00354,Neha Joshi,XXXX-XXXX-XXXX-3900,2025-10-07 06:48:00,41331.39,"New York, USA",Amazon India,Online Shopping,0.7315,MEDIUM,Foreign Location,FRAUD
TXN_00366,Pooja Nair,XXXX-XXXX-XXXX-8711,2025-10-27 21:29:00,6331.76,"Dubai, UAE",HPCL Pump,Fuel,0.7308,MEDIUM,Foreign Location,FRAUD
TXN_00243,Sneha Patel,XXXX-XXXX-XXXX-3536,2025-10-05 04:39:00,12111.9,"New York, USA",Big Bazaar,Grocery,0.7278,MEDIUM,"Foreign Location, Unusual Timing",FRAUD
TXN_00273,Pooja Nair,XXXX-XXXX-XXXX-4346,2025-10-27 01:55:00,42074.42,"Chennai, India",Vijay Sales,Electronics,0.7275,MEDIUM,Unusual Timing,FRAUD
TXN_00403,Neha Joshi,XXXX-XXXX-XXXX-8144,2025-10-03 04:50:00,10699.78,"Mumbai, India",Reliance Fresh,Grocery,0.727,MEDIUM,Unusual Timing,FRAUD
TXN_00497,Suresh Reddy,XXXX-XXXX-XXXX-5681,2025-10-18 20:49:00,6302.22,"Dubai, UAE",BPCL Petrol Bunk,Fuel,0.7263,MEDIUM,Foreign Location,FRAUD
TXN_00294,Vikas Gupta,XXXX-XXXX-XXXX-5002,2025-10-15 21:49:00,7447.55,Singapore,Myntra,Online Shopping,0.7255,MEDIUM,Foreign Location,FRAUD
TXN_00038,Pooja Nair,XXXX-XXXX-XXXX-5333,2025-10-20 17:05:00,4759.45,Hong Kong,Apollo Pharmacy,Medical,0.7222,MEDIUM,Foreign Location,FRAUD
TXN_00073,Neha Joshi,XXXX-XXXX-XXXX-6313,2025-10-14 04:29:00,38825.44,"Delhi, India",HDFC ATM,ATM Withdrawal,0.7179,MEDIUM,Unusual Timing,FRAUD
TXN_00175,Rahul Sharma,XXXX-XXXX-XXXX-1117,2025-10-14 04:13:00,43331.74,"Bangalore, India",Big Bazaar,Grocery,0.7176,MEDIUM,Unusual Timing,FRAUD
TXN_00153,Anjali Singh,XXXX-XXXX-XXXX-8787,2025-10-15 04:49:00,32963.67,"Bangalore, India",Reliance Fresh,Grocery,0.7166,MEDIUM,Unusual Timing,FRAUD
TXN_00392,Deepak Malhotra,XXXX-XXXX-XXXX-2776,2025-10-26 03:47:00,5324.4,Singapore,Swiggy,Restaurant,0.7134,MEDIUM,"Foreign Location, Unusual Timing",FRAUD
TXN_00258,Priya Mehta,XXXX-XXXX-XXXX-9320,2025-10-20 00:28:00,3250.11,"Chennai, India",Croma,Electronics,0.7134,MEDIUM,Unusual Timing,FRAUD
TXN_00126,Ravi Kumar,XXXX-XXXX-XXXX-9317,2025-10-25 01:23:00,10071.91,"Delhi, India",HPCL Pump,Fuel,0.7129,MEDIUM,Unusual Timing,FRAUD
TXN_00042,Rahul Sharma,XXXX-XXXX-XXXX-3045,2025-10-03 11:50:00,14503.63,"New York, USA",HDFC ATM,ATM Withdrawal,0.7124,MEDIUM,Foreign Location,FRAUD
TXN_00041,Vikas Gupta,XXXX-XXXX-XXXX-9785,2025-10-26 19:01:00,14183.97,"New York, USA",SBI ATM,ATM Withdrawal,0.7118,MEDIUM,Foreign Location,FRAUD
TXN_00409,Neha Joshi,XXXX-XXXX-XXXX-8066,2025-10-12 03:02:00,14051.41,"London, UK",IRCTC,Travel,0.7093,MEDIUM,"Foreign Location, Unusual Timing",FRAUD
TXN_00086,Suresh Reddy,XXXX-XXXX-XXXX-8517,2025-10-15 04:24:00,3773.14,"Bangalore, India",Amazon India,Online Shopping,0.708,MEDIUM,Unusual Timing,FRAUD
TXN_00472,Vikas Gupta,XXXX-XXXX-XXXX-1822,2025-10-04 11:28:00,5921.9,Singapore,Flipkart,Online Shopping,0.705,MEDIUM,Foreign Location,FRAUD
TXN_00246,Sneha Patel,XXXX-XXXX-XXXX-4566,2025-10-26 02:35:00,12246.69,"Hyderabad, India",Zomato,Restaurant,0.7048,MEDIUM,Unusual Timing,FRAUD
TXN_00483,Priya Mehta,XXXX-XXXX-XXXX-9976,2025-10-08 18:50:00,46024.52,"Pune, India",Unknown Merchant,Unknown,0.7047,MEDIUM,Suspicious Category,FRAUD
TXN_00011,Amit Verma,XXXX-XXXX-XXXX-1520,2025-10-29 00:26:00,8307.54,"Hyderabad, India",SBI ATM,ATM Withdrawal,0.703,MEDIUM,Unusual Timing,FRAUD
TXN_00019,Rahul Sharma,XXXX-XXXX-XXXX-9928,2025-10-17 03:42:00,8693.89,"New York, USA",MakeMyTrip,Travel,0.703,MEDIUM,"Foreign Location, Unusual Timing",FRAUD
TXN_00357,Suresh Reddy,XXXX-XXXX-XXXX-3938,2025-10-04 17:01:00,4009.07,"New York, USA",BPCL Petrol Bunk,Fuel,0.6993,MEDIUM,Foreign Location,FRAUD
TXN_00167,Suresh Reddy,XXXX-XXXX-XXXX-2982,2025-10-06 01:18:00,8105.15,"Delhi, India",Big Bazaar,Grocery,0.6979,MEDIUM,Unusual Timing,FRAUD
TXN_00060,Pooja Nair,XXXX-XXXX-XXXX-7065,2025-10-15 03:01:00,7781.04,"Kolkata, India",Croma,Electronics,0.6974,MEDIUM,Unusual Timing,FRAUD
TXN_00416,Priya Mehta,XXXX-XXXX-XXXX-6067,2025-10-18 09:47:00,3256.59,"Dubai, UAE",Swiggy,Restaurant,0.6968,MEDIUM,Foreign Location,FRAUD
TXN_00103,Neha Joshi,XXXX-XXXX-XXXX-3504,2025-10-17 07:09:00,6258.19,"Dubai, UAE",Reliance Fresh,Grocery,0.6915,MEDIUM,Foreign Location,FRAUD
TXN_00295,Ravi Kumar,XXXX-XXXX-XXXX-7054,2025-10-22 01:12:00,6576.68,"Delhi, India",Amazon,Electronics,0.6908,MEDIUM,Unusual Timing,FRAUD
TXN_00212,Pooja Nair,XXXX-XXXX-XXXX-8350,2025-10-23 02:12:00,42142.99,Singapore,Reliance Fresh,Grocery,0.6907,MEDIUM,"Foreign Location, Unusual Timing",FRAUD
TXN_00188,Amit Verma,XXXX-XXXX-XXXX-9834,2025-10-03 03:27:00,3393.54,"Delhi, India",Dominos,Restaurant,0.6894,MEDIUM,Unusual Timing,FRAUD
TXN_00421,Neha Joshi,XXXX-XXXX-XXXX-3085,2025-10-17 00:59:00,1583.66,"Mumbai, India",Croma,Electronics,0.6886,MEDIUM,Unusual Timing,FRAUD
TXN_00272,Pooja Nair,XXXX-XXXX-XXXX-5272,2025-10-29 08:58:00,41915.2,"Mumbai, India",Myntra,Online Shopping,0.6874,MEDIUM,ML Model Flag,FRAUD
TXN_00229,Anjali Singh,XXXX-XXXX-XXXX-8956,2025-10-15 02:55:00,13761.8,"Delhi, India",Myntra,Online Shopping,0.6867,MEDIUM,Unusual Timing,FRAUD
TXN_00480,Neha Joshi,XXXX-XXXX-XXXX-8251,2025-10-14 03:54:00,20734.14,"Kolkata, India",Croma,Electronics,0.6845,MEDIUM,Unusual Timing,FRAUD
TXN_00099,Ravi Kumar,XXXX-XXXX-XXXX-9085,2025-10-19 01:46:00,19804.55,"Mumbai, India",HPCL Pump,Fuel,0.6832,MEDIUM,Unusual Timing,FRAUD
TXN_00443,Vikas Gupta,XXXX-XXXX-XXXX-5649,2025-10-30 07:10:00,10864.24,"London, UK",Amazon,Electronics,0.6817,MEDIUM,Foreign Location,FRAUD
TXN_00376,Anjali Singh,XXXX-XXXX-XXXX-7528,2025-10-19 02:11:00,6292.89,"New York, USA",Myntra,Online Shopping,0.6807,MEDIUM,"Foreign Location, Unusual Timing",FRAUD
TXN_00151,Anjali Singh,XXXX-XXXX-XXXX-3060,2025-10-08 01:23:00,8788.9,"New York, USA",Flipkart,Online Shopping,0.6801,MEDIUM,"Foreign Location, Unusual Timing",FRAUD
TXN_00465,Vikas Gupta,XXXX-XXXX-XXXX-1090,2025-10-12 12:49:00,1000.99,"New York, USA",Amazon India,Online Shopping,0.6786,MEDIUM,Foreign Location,FRAUD
TXN_00244,Suresh Reddy,XXXX-XXXX-XXXX-4111,2025-10-26 16:32:00,18370.99,Singapore,Vijay Sales,Electronics,0.6762,MEDIUM,Foreign Location,FRAUD
TXN_00169,Vikas Gupta,XXXX-XXXX-XXXX-4681,2025-10-26 15:31:00,151.75,"New York, USA",Reliance Fresh,Grocery,0.6753,MEDIUM,Foreign Location,FRAUD
TXN_00184,Kiran Rao,XXXX-XXXX-XXXX-4899,2025-10-25 04:53:00,12255.22,"Pune, India",Swiggy,Restaurant,0.6752,MEDIUM,Unusual Timing,FRAUD
TXN_00090,Priya Mehta,XXXX-XXXX-XXXX-5040,2025-10-19 16:06:00,5297.17,Hong Kong,DMart,Grocery,0.6721,MEDIUM,Foreign Location,FRAUD
TXN_00198,Vikas Gupta,XXXX-XXXX-XXXX-6804,2025-10-27 16:29:00,190596.49,"Mumbai, India",Croma,Electronics,0.6716,MEDIUM,High Amount,FRAUD
TXN_00020,Ravi Kumar,XXXX-XXXX-XXXX-7873,2025-10-31 01:34:00,11527.69,"Kolkata, India",IndiGo,Travel,0.6697,MEDIUM,Unusual Timing,FRAUD
TXN_00349,Sneha Patel,XXXX-XXXX-XXXX-6794,2025-10-05 13:53:00,29176.66,"London, UK",Reliance Fresh,Grocery,0.6675,MEDIUM,Foreign Location,FRAUD
TXN_00082,Sneha Patel,XXXX-XXXX-XXXX-6155,2025-10-04 03:08:00,2680.42,"Dubai, UAE",IRCTC,Travel,0.6658,MEDIUM,"Foreign Location, Unusual Timing",FRAUD
TXN_00157,Sneha Patel,XXXX-XXXX-XXXX-7932,2025-10-08 01:48:00,16585.14,"New York, USA",Dominos,Restaurant,0.6654,MEDIUM,"Foreign Location, Unusual Timing",FRAUD
TXN_00393,Deepak Malhotra,XXXX-XXXX-XXXX-8119,2025-10-15 12:08:00,20809.36,"New York, USA",SBI ATM,ATM Withdrawal,0.6639,MEDIUM,Foreign Location,FRAUD
TXN_00342,Anjali Singh,XXXX-XXXX-XXXX-6050,2025-10-02 11:26:00,10481.77,Hong Kong,Flipkart,Online Shopping,0.6625,MEDIUM,Foreign Location,FRAUD
TXN_00111,Deepak Malhotra,XXXX-XXXX-XXXX-5119,2025-10-03 21:37:00,93766.19,"Mumbai, India",Amazon,Electronics,0.6617,MEDIUM,High Amount,FRAUD
TXN_00230,Suresh Reddy,XXXX-XXXX-XXXX-8886,2025-10-28 02:20:00,9662.96,"Hyderabad, India",MakeMyTrip,Travel,0.6607,MEDIUM,Unusual Timing,FRAUD
TXN_00227,Suresh Reddy,XXXX-XXXX-XXXX-3724,2025-10-25 10:41:00,2606.68,"New York, USA",DMart,Grocery,0.6586,MEDIUM,Foreign Location,FRAUD
TXN_00028,Amit Verma,XXXX-XXXX-XXXX-5552,2025-10-17 03:13:00,9139.24,Singapore,BPCL Petrol Bunk,Fuel,0.657,MEDIUM,"Foreign Location, Unusual Timing",FRAUD
TXN_00400,Suresh Reddy,XXXX-XXXX-XXXX-4114,2025-10-07 02:04:00,14445.3,"Bangalore, India",Swiggy,Restaurant,0.6556,MEDIUM,Unusual Timing,FRAUD
TXN_00478,Neha Joshi,XXXX-XXXX-XXXX-9702,2025-10-04 02:35:00,4708.42,"Mumbai, India",Amazon,Electronics,0.6531,MEDIUM,Unusual Timing,FRAUD
TXN_00288,Sneha Patel,XXXX-XXXX-XXXX-4492,2025-10-23 19:05:00,4934.01,"New York, USA",Big Bazaar,Grocery,0.6524,MEDIUM,Foreign Location,FRAUD
TXN_00176,Vikas Gupta,XXXX-XXXX-XXXX-2163,2025-10-07 04:48:00,11514.2,"Dubai, UAE",Myntra,Online Shopping,0.6519,MEDIUM,"Foreign Location, Unusual Timing",FRAUD
TXN_00482,Ravi Kumar,XXXX-XXXX-XXXX-7991,2025-10-31 05:40:00,19442.57,"New York, USA",Myntra,Online Shopping,0.6517,MEDIUM,Foreign Location,FRAUD
